Nama Tempat,Kategori,Rating,Harga,Latitude,Longitude,Google Maps Link
Kedai Timbel Dago,Rumah Makan,4.5,Rp 50,-6.8922122,107.6129706,https://www.google.com/maps/place/Kedai+Timbel+Dago/data=!4m7!3m6!1s0x2e68e6512a4d51b5:0xffb10aa8cba7da37!8m2!3d-6.8922122!4d107.6129706!16s%2Fg%2F1th84jx1!19sChIJtVFNKlHmaC4RN9qny6gKsf8?authuser=0&hl=id&rclk=1
Boemi Joglo Dago Pakar,Rumah Makan,4.3,Rp 50,-6.8680679,107.6287847,https://www.google.com/maps/place/Boemi+Joglo+Dago+Pakar/data=!4m7!3m6!1s0x2e68e718c012025b:0xb08bef2b26903070!8m2!3d-6.8680679!4d107.6287847!16s%2Fg%2F1thv1zkp!19sChIJWwISwBjnaC4RcDCQJivvi7A?authuser=0&hl=id&rclk=1
Dago Panyawangan,Rumah Makan,4.5,Rp 50,-6.8913643,107.6129129,https://www.google.com/maps/place/Dago+Panyawangan/data=!4m7!3m6!1s0x2e697298a875ddeb:0x7cfb304b1e293041!8m2!3d-6.8913643!4d107.6129129!16s%2Fg%2F1v6gb73g!19sChIJ6911qJhyaS4RQTApHksw-3w?authuser=0&hl=id&rclk=1
Warung Taru,Rumah Makan,4.3,Rp 25,-6.8657317,107.6211776,https://www.google.com/maps/place/Warung+Taru/data=!4m7!3m6!1s0x2e68e6dffecab281:0x24bcdee437286a1b!8m2!3d-6.8657317!4d107.6211776!16s%2Fg%2F11bbymtqw4!19sChIJgbLK_t_maC4RG2ooN-TevCQ?authuser=0&hl=id&rclk=1
Justus Steak House Dago,Rumah Makan,4.7,Rp 35.000 - Rp 100.000,-6.9013135,107.6117378,https://www.google.com/maps/place/Justus+Steak+House+Dago/data=!4m7!3m6!1s0x2e68e7a9a38fc7dd:0x23e6bc3656efabe7!8m2!3d-6.9013135!4d107.6117378!16s%2Fg%2F11fj7_v5ty!19sChIJ3cePo6nnaC4R56vvVja85iM?authuser=0&hl=id&rclk=1
Pipir Imah dago,Rumah Makan,4.7,Rp 25,-6.8626555,107.6271881,https://www.google.com/maps/place/Pipir+Imah+dago/data=!4m7!3m6!1s0x2e68e7b44f43d095:0xc7de498168c955bd!8m2!3d-6.8626555!4d107.6271881!16s%2Fg%2F11fm29xnr8!19sChIJldBDT7TnaC4RvVXJaIFJ3sc?authuser=0&hl=id&rclk=1
The Stone Cafe TSC,Rumah Makan,4.5,Rp 35.000 - Rp 100.000,-6.8653196,107.6266701,https://www.google.com/maps/place/The+Stone+Cafe+TSC/data=!4m7!3m6!1s0x2e68e721e5777573:0xc2eb6bf4206292a1!8m2!3d-6.8653196!4d107.6266701!16s%2Fg%2F1v1n_9xs!19sChIJc3V35SHnaC4RoZJiIPRr68I?authuser=0&hl=id&rclk=1
Saji Marem,Rumah Makan,4.7,Rp 50,-6.8731889,107.6193809,https://www.google.com/maps/place/Saji+Marem/data=!4m7!3m6!1s0x2e68e7007490dd61:0x567e51615ebd1b1f!8m2!3d-6.8731889!4d107.6193809!16s%2Fg%2F11yrgnvk1v!19sChIJYd2QdADnaC4RHxu9XmFRflY?authuser=0&hl=id&rclk=1
Rumah Makan Diwo,Rumah Makan,4.1,Rp 25,-6.8698541,107.6205869,https://www.google.com/maps/place/Rumah+Makan+Diwo/data=!4m7!3m6!1s0x2e68e7a009ad32cf:0xd97aabdd7e4e06ae!8m2!3d-6.8698541!4d107.6205869!16s%2Fg%2F11gj73_qdq!19sChIJzzKtCaDnaC4RrgZOft2retk?authuser=0&hl=id&rclk=1
Feast Restaurant,Rumah Makan,4.5,Rp 250.000,-6.8746904,107.6196057,https://www.google.com/maps/place/Feast+Restaurant/data=!4m7!3m6!1s0x2e68e6e2fa1242eb:0xd9195e60671cc4b5!8m2!3d-6.8746904!4d107.6196057!16s%2Fg%2F1th46hy6!19sChIJ60IS-uLmaC4RtcQcZ2BeGdk?authuser=0&hl=id&rclk=1
Skyline Best View Resto,Rumah Makan,4.5,Rp 35.000 - Rp 100.000,-6.8584349,107.6386345,https://www.google.com/maps/place/Skyline+Best+View+Resto/data=!4m7!3m6!1s0x2e68e73bdaa51c0d:0x84c6aa75ef75f49f!8m2!3d-6.8584349!4d107.6386345!16s%2Fg%2F11g9zt3krb!19sChIJDRyl2jvnaC4Rn_R173WqxoQ?authuser=0&hl=id&rclk=1
Dendeng Batokok Dago,Rumah Makan,4.6,Rp 25,-6.8767814,107.6180644,https://www.google.com/maps/place/Dendeng+Batokok+Dago/data=!4m7!3m6!1s0x2e68e6fcd179e141:0x3c9e122135d63b48!8m2!3d-6.8767814!4d107.6180644!16s%2Fg%2F11bc7sl28m!19sChIJQeF50fzmaC4RSDvWNSESnjw?authuser=0&hl=id&rclk=1
Saung Leuhang Dago,Rumah Makan,4.6,Rp 25,-6.8637068,107.6203869,https://www.google.com/maps/place/Saung+Leuhang+Dago/data=!4m7!3m6!1s0x2e68e796107f48ad:0xefcfbacfbc09ba87!8m2!3d-6.8637068!4d107.6203869!16s%2Fg%2F11fsvmpg50!19sChIJrUh_EJbnaC4Rh7oJvM-6z-8?authuser=0&hl=id&rclk=1
Congo Gallery & Cafe,Rumah Makan,4.6,Rp 35.000 - Rp 100.000,-6.8674313,107.6278059,https://www.google.com/maps/place/Congo+Gallery+%26+Cafe/data=!4m7!3m6!1s0x2e68e718d3dba3f3:0x41c75ebcfc18378!8m2!3d-6.8674313!4d107.6278059!16s%2Fg%2F1tk69_3z!19sChIJ86Pb0xjnaC4ReIPBz-t1HAQ?authuser=0&hl=id&rclk=1
Kantin Tegal Abadi Murni,Rumah Makan,4.5,Rp 1,-6.8824827,107.6150604,https://www.google.com/maps/place/Kantin+Tegal+Abadi+Murni/data=!4m7!3m6!1s0x2e68e6f94e3bbfeb:0xd70cfb05c4144796!8m2!3d-6.8824827!4d107.6150604!16s%2Fg%2F11bbw_lxxd!19sChIJ6787TvnmaC4RlkcUxAX7DNc?authuser=0&hl=id&rclk=1
Umbira,Cafe,4.6,Rp 35.000 - Rp 100.000,-6.916803,107.6092584,https://www.google.com/maps/place/Umbira/data=!4m7!3m6!1s0x2e68e7cbbf98f617:0x155dfc36e3947155!8m2!3d-6.916803!4d107.6092584!16s%2Fg%2F11r106sfrk!19sChIJF_aYv8vnaC4RVXGU4zb8XRU?authuser=0&hl=id&rclk=1
Tanatap Coffee Braga,Cafe,3.9,Rp 35.000 - Rp 100.000,-6.9169338,107.6091062,https://www.google.com/maps/place/Tanatap+Coffee+Braga/data=!4m7!3m6!1s0x2e68e7d6f0cedcc7:0xcee36f004c51a97a!8m2!3d-6.9169338!4d107.6091062!16s%2Fg%2F11w1cjtfd9!19sChIJx9zO8NbnaC4ReqlRTABv484?authuser=0&hl=id&rclk=1
Fifty One Braga St,Cafe,3.9,Rp 35.000 - Rp 100.000,-6.9185089,107.609426,https://www.google.com/maps/place/Fifty+One+Braga+St/data=!4m7!3m6!1s0x2e68e70c141d1627:0x185ee774437e10b2!8m2!3d-6.9185089!4d107.609426!16s%2Fg%2F11wy0n11tl!19sChIJJxYdFAznaC4RshB-Q3TnXhg?authuser=0&hl=id&rclk=1
Little Contrast Braga,Cafe,4.5,Rp 35.000 - Rp 100.000,-6.916252,107.6091331,https://www.google.com/maps/place/Little+Contrast+Braga/data=!4m7!3m6!1s0x2e68e79b65e81ce9:0xa2a34c2b8b93d744!8m2!3d-6.916252!4d107.6091331!16s%2Fg%2F11nnlj7hv0!19sChIJ6RzoZZvnaC4RRNeTiytMo6I?authuser=0&hl=id&rclk=1
Le Braga Coffee & Kitchenette,Cafe,4.4,Rp 35.000 - Rp 100.000,-6.9198012,107.6098736,https://www.google.com/maps/place/Le+Braga+Coffee+%26+Kitchenette/data=!4m7!3m6!1s0x2e68e70070cc91a5:0x1aa329260bb429c6!8m2!3d-6.9198012!4d107.6098736!16s%2Fg%2F11lyc9ktzq!19sChIJpZHMcADnaC4Rxim0CyYpoxo?authuser=0&hl=id&rclk=1
Karnivor Restaurant,Rumah Makan,4.5,Rp 75,-6.9078519,107.6240469,https://www.google.com/maps/place/Karnivor+Restaurant/data=!4m7!3m6!1s0x2e68e7ca8fb7204f:0xf106c9bdf5526243!8m2!3d-6.9078519!4d107.6240469!16s%2Fg%2F1hc1r8z22!19sChIJTyC3j8rnaC4RQ2JS9b3JBvE?authuser=0&hl=id&rclk=1
Cafe Bali,Rumah Makan,4.4,Rp 35.000 - Rp 100.000,-6.913827,107.629321,https://www.google.com/maps/place/Cafe+Bali/data=!4m7!3m6!1s0x2e68e7cee91518f5:0xdd76db9a7887ad15!8m2!3d-6.913827!4d107.629321!16s%2Fg%2F11b5yvcqcp!19sChIJ9RgV6c7naC4RFa2HeJrbdt0?authuser=0&hl=id&rclk=1
JUMBO EATERY Riau,Rumah Makan,4.5,Rp 35.000 - Rp 100.000,-6.9066992,107.6145248,https://www.google.com/maps/place/JUMBO+EATERY+Riau/data=!4m7!3m6!1s0x2e68e793c5d8b9b1:0x33a45772ccb1dd10!8m2!3d-6.9066992!4d107.6145248!16s%2Fg%2F11gkv6dknc!19sChIJsbnYxZPnaC4REN2xzHJXpDM?authuser=0&hl=id&rclk=1
Gaya Brasserie,Rumah Makan,4.7,Rp 50,-6.9081817,107.6244939,https://www.google.com/maps/place/Gaya+Brasserie/data=!4m7!3m6!1s0x2e68e773c44da7e3:0x7516e16084f67842!8m2!3d-6.9081817!4d107.6244939!16s%2Fg%2F11vjh2xfwb!19sChIJ46dNxHPnaC4RQnj2hGDhFnU?authuser=0&hl=id&rclk=1
Dakken Restaurant,Rumah Makan,4.5,Rp 50,-6.9060236,107.6176115,https://www.google.com/maps/place/Dakken+Restaurant/data=!4m7!3m6!1s0x2e68e648dd2f9847:0x80ddd7d855c5a13d!8m2!3d-6.9060236!4d107.6176115!16s%2Fg%2F1tg97sdy!19sChIJR5gv3UjmaC4RPaHFVdjX3YA?authuser=0&hl=id&rclk=1
Bonfire Roast & Grill,Rumah Makan,4.8,Rp 35.000 - Rp 100.000,-6.908627,107.624558,https://www.google.com/maps/place/Bonfire+Roast+%26+Grill/data=!4m7!3m6!1s0x2e68e77fd883c917:0xca7cf129bed8d22a!8m2!3d-6.908627!4d107.624558!16s%2Fg%2F11nfl_85_x!19sChIJF8mD2H_naC4RKtLYvinxfMo?authuser=0&hl=id&rclk=1
90 Gourmet,Rumah Makan,4.5,Rp 50,-6.9086091,107.623803,https://www.google.com/maps/place/90+Gourmet/data=!4m7!3m6!1s0x2e68e7caf2495669:0xfe24520c47e7bb11!8m2!3d-6.9086091!4d107.623803!16s%2Fg%2F1tjvtn02!19sChIJaVZJ8srnaC4REbvnRwxSJP4?authuser=0&hl=id&rclk=1
Tilu Kitchen and Patisserie,Rumah Makan,4.5,Rp 35.000 - Rp 100.000,-6.9057713,107.618827,https://www.google.com/maps/place/Tilu+Kitchen+and+Patisserie/data=!4m7!3m6!1s0x2e68e7d0754a7be9:0xba217cfa3109c235!8m2!3d-6.9057713!4d107.618827!16s%2Fg%2F11jtylm7sd!19sChIJ6XtKddDnaC4RNcIJMfp8Ibo?authuser=0&hl=id&rclk=1
Sumeragi Izakaya (Riau),Rumah Makan,4.5,Rp 100,-6.9061727,107.6156137,https://www.google.com/maps/place/Sumeragi+Izakaya+%28Riau%29/data=!4m7!3m6!1s0x2e68e71ae10c3fdb:0xa9d4ec71efce3c1f!8m2!3d-6.9061727!4d107.6156137!16s%2Fg%2F11fl5gqp_7!19sChIJ2z8M4RrnaC4RHzzO73Hs1Kk?authuser=0&hl=id&rclk=1
Hello Summer Bandung,Rumah Makan,4.4,Rp 35.000 - Rp 100.000,-6.9052694,107.6193544,https://www.google.com/maps/place/Hello+Summer+Bandung/data=!4m7!3m6!1s0x2e68e7de610e547d:0x52640a3ce00f9f9f!8m2!3d-6.9052694!4d107.6193544!16s%2Fg%2F11krhn6lh0!19sChIJfVQOYd7naC4Rn58P4DwKZFI?authuser=0&hl=id&rclk=1
Jenderal Kopi Nusantara Buwas,Rumah Makan,4.7,Rp 35.000 - Rp 100.000,-6.9142842,107.6296523,https://www.google.com/maps/place/Jenderal+Kopi+Nusantara+Buwas/data=!4m7!3m6!1s0x2e68e71a4527c6b3:0x9013c20f88b04b31!8m2!3d-6.9142842!4d107.6296523!16s%2Fg%2F11lgynb19g!19sChIJs8YnRRrnaC4RMUuwiA_CE5A?authuser=0&hl=id&rclk=1
Ramesindong,Rumah Makan,4.9,Rp 25,-6.9056622,107.6251576,https://www.google.com/maps/place/Ramesindong/data=!4m7!3m6!1s0x2e68e7d590324017:0x6a897adba13d4739!8m2!3d-6.9056622!4d107.6251576!16s%2Fg%2F11spn0jrhl!19sChIJF0AykNXnaC4ROUc9odt6iWo?authuser=0&hl=id&rclk=1
Riau 20,Rumah Makan,4.8,Rp 50,-6.9067038,107.6143426,https://www.google.com/maps/place/Riau+20/data=!4m7!3m6!1s0x2e68e7091706b115:0x25ab6e5065796bea!8m2!3d-6.9067038!4d107.6143426!16s%2Fg%2F11s49n18w5!19sChIJFbEGFwnnaC4R6mt5ZVBuqyU?authuser=0&hl=id&rclk=1
Jardin Cafe,Rumah Makan,4.6,Rp 50,-6.9054325,107.6201107,https://www.google.com/maps/place/Jardin+Cafe/data=!4m7!3m6!1s0x2e68e735987a6103:0x1b5eb768dcb08b22!8m2!3d-6.9054325!4d107.6201107!16s%2Fg%2F11f7426r9k!19sChIJA2F6mDXnaC4RIouw3Gi3Xhs?authuser=0&hl=id&rclk=1
Marugame Udon Riau Bandung,Rumah Makan,4.6,Rp 50,-6.9099877,107.6256226,https://www.google.com/maps/place/Marugame+Udon+Riau+Bandung/data=!4m7!3m6!1s0x2e68e64a8ce9bc9b:0xf150191580731efc!8m2!3d-6.9099877!4d107.6256226!16s%2Fg%2F11bzt94kwg!19sChIJm7zpjErmaC4R_B5zgBUZUPE?authuser=0&hl=id&rclk=1
KOZI Coffee Dipatiukur,Cafe,4.7,Rp 25,-6.898163,107.6133243,https://www.google.com/maps/place/KOZI+Coffee+Dipatiukur/data=!4m7!3m6!1s0x2e68e77190fdd037:0x5ebb5f9ac87360cf!8m2!3d-6.898163!4d107.6133243!16s%2Fg%2F11hsb478ld!19sChIJN9D9kHHnaC4Rz2BzyJpfu14?authuser=0&hl=id&rclk=1
GOFFEÉ Doughnuts & Coffee Dipatiukur,Cafe,4.8,Rp 25,-6.885641,107.6147149,https://www.google.com/maps/place/GOFFE%C3%89+Doughnuts+%26+Coffee+Dipatiukur/data=!4m7!3m6!1s0x2e68e7005e59471d:0x2082df789029f739!8m2!3d-6.885641!4d107.6147149!16s%2Fg%2F11wmhjf1d1!19sChIJHUdZXgDnaC4ROfcpkHjfgiA?authuser=0&hl=id&rclk=1
de.u Coffee,Cafe,4.8,Rp 25,-6.8959127,107.6162647,https://www.google.com/maps/place/de.u+Coffee/data=!4m7!3m6!1s0x2e68e70886048fe1:0xfed887fa71320104!8m2!3d-6.8959127!4d107.6162647!16s%2Fg%2F11fvv2kyfr!19sChIJ4Y8EhgjnaC4RBAEycfqH2P4?authuser=0&hl=id&rclk=1
Fore Coffee - Dipatiukur,Cafe,4.6,Rp 25,-6.8891591,107.6156614,https://www.google.com/maps/place/Fore+Coffee+-+Dipatiukur/data=!4m7!3m6!1s0x2e68e71cc5bd145f:0xd6afec95c25cdbd!8m2!3d-6.8891591!4d107.6156614!16s%2Fg%2F11twbvlfjy!19sChIJXxS9xRznaC4Rvc0lXMn-ag0?authuser=0&hl=id&rclk=1
Delapan Padi,Cafe,4.7,Rp 50,-6.8981453,107.6141291,https://www.google.com/maps/place/Delapan+Padi/data=!4m7!3m6!1s0x2e68e74a897a78c1:0x3b843a88c8aea0fc!8m2!3d-6.8981453!4d107.6141291!16s%2Fg%2F11f9zrj5r8!19sChIJwXh6iUrnaC4R_KCuyIg6hDs?authuser=0&hl=id&rclk=1
Kata Anja Coffee,Cafe,4.7,Rp 25,-6.8951486,107.6169154,https://www.google.com/maps/place/Kata+Anja+Coffee/data=!4m7!3m6!1s0x2e68e79bb0f222b5:0x2ab3077750813029!8m2!3d-6.8951486!4d107.6169154!16s%2Fg%2F11qb5sqk6l!19sChIJtSLysJvnaC4RKTCBUHcHsyo?authuser=0&hl=id&rclk=1
TOMORO COFFEE - Dipati Ukur,Cafe,4.9,Rp 25,-6.8881285,107.6152197,https://www.google.com/maps/place/TOMORO+COFFEE+-+Dipati+Ukur/data=!4m7!3m6!1s0x2e68e766b0a5c4e1:0x377fc924a412d90e!8m2!3d-6.8881285!4d107.6152197!16s%2Fg%2F11vbx2x7x5!19sChIJ4cSlsGbnaC4RDtkSpCTJfzc?authuser=0&hl=id&rclk=1
Coffee Bawa Dipati Ukur,Cafe,4.7,Rp 25,-6.8896909,107.6159427,https://www.google.com/maps/place/Coffee+Bawa+Dipati+Ukur/data=!4m7!3m6!1s0x2e68e7ee0e4b9d39:0x5bdd0ad82d433dcf!8m2!3d-6.8896909!4d107.6159427!16s%2Fg%2F11rhvspk17!19sChIJOZ1LDu7naC4Rzz1DLdgK3Vs?authuser=0&hl=id&rclk=1
Four C'S Cafe Eatery,Cafe,4.6,Rp 25,-6.8881552,107.6151823,https://www.google.com/maps/place/Four+C%27S+Cafe+Eatery/data=!4m7!3m6!1s0x2e68e7d341d74007:0x65067714547a71b3!8m2!3d-6.8881552!4d107.6151823!16s%2Fg%2F11fk4sj99t!19sChIJB0DXQdPnaC4Rs3F6VBR3BmU?authuser=0&hl=id&rclk=1
Public Space Cafe,Cafe,4.6,Rp 25,-6.8919177,107.6172274,https://www.google.com/maps/place/Public+Space+Cafe/data=!4m7!3m6!1s0x2e68e7d9be35a159:0x975250e9a7e9f625!8m2!3d-6.8919177!4d107.6172274!16s%2Fg%2F11js7w6kg4!19sChIJWaE1vtnnaC4RJfbpp-lQUpc?authuser=0&hl=id&rclk=1
Dari.kopi,Cafe,4.6,Rp 25,-6.8963343,107.6163681,https://www.google.com/maps/place/Dari.kopi/data=!4m7!3m6!1s0x2e68e7f443679243:0x4d8451be638c7abc!8m2!3d-6.8963343!4d107.6163681!16s%2Fg%2F11j038sqzf!19sChIJQ5JnQ_TnaC4RvHqMY75RhE0?authuser=0&hl=id&rclk=1
KalpaTARU,Cafe,4.7,Rp 50,-6.8962892,107.6170294,https://www.google.com/maps/place/KalpaTARU/data=!4m7!3m6!1s0x2e68e71b2b213809:0xa6c4c1184e6f5de2!8m2!3d-6.8962892!4d107.6170294!16s%2Fg%2F11qrkrz3j3!19sChIJCTghKxvnaC4R4l1vThjBxKY?authuser=0&hl=id&rclk=1
Kumari (Bake and Brew),Cafe,4.8,Rp 50,-6.8982003,107.6171682,https://www.google.com/maps/place/Kumari+%28Bake+and+Brew%29/data=!4m7!3m6!1s0x2e68e7a49a884035:0x9bc39b0dfcda7b7d!8m2!3d-6.8982003!4d107.6171682!16s%2Fg%2F11nntczz16!19sChIJNUCImqTnaC4RfXva_A2bw5s?authuser=0&hl=id&rclk=1
Nongkrong di du,Cafe,4.9,Rp 35.000 - Rp 100.000,-6.8874709,107.6151676,https://www.google.com/maps/place/Nongkrong+di+du/data=!4m7!3m6!1s0x2e68e7e98e352dfd:0x1431b48bf8d5596d!8m2!3d-6.8874709!4d107.6151676!16s%2Fg%2F11sm___jct!19sChIJ_S01junnaC4RbVnV-Iu0MRQ?authuser=0&hl=id&rclk=1
De.u Coffee Dago,Cafe,4.7,Rp 50,-6.8712236,107.6276329,https://www.google.com/maps/place/De.u+Coffee+Dago/data=!4m7!3m6!1s0x2e68e700012fb48d:0xc87f78ca612f89f7!8m2!3d-6.8712236!4d107.6276329!16s%2Fg%2F11w2_dt2cr!19sChIJjbQvAQDnaC4R94kvYcp4f8g?authuser=0&hl=id&rclk=1
Raja Sunda,Rumah Makan,4.4,Rp 35.000 - Rp 100.000,-6.8970337,107.5912323,https://www.google.com/maps/place/Raja+Sunda/data=!4m7!3m6!1s0x2e68e665c1787fcf:0xcacae4feb7ba849b!8m2!3d-6.8970337!4d107.5912323!16s%2Fg%2F1pzt_5qkc!19sChIJz394wWXmaC4Rm4S6t_7kyso?authuser=0&hl=id&rclk=1
de sanirasa,Rumah Makan,4.8,Rp 50,-6.887046,107.6007575,https://www.google.com/maps/place/de+sanirasa/data=!4m7!3m6!1s0x2e68e7fb9e0af73d:0x42d9d63a7c9d8b0e!8m2!3d-6.887046!4d107.6007575!16s%2Fg%2F11j15m82zy!19sChIJPfcKnvvnaC4RDoudfDrW2UI?authuser=0&hl=id&rclk=1
RM Saung Kabayan,Rumah Makan,4.3,Rp 50,-6.895992,107.5894206,https://www.google.com/maps/place/RM+Saung+Kabayan/data=!4m7!3m6!1s0x2e68e665aeca2a61:0x37cef7cf61897806!8m2!3d-6.895992!4d107.5894206!16s%2Fg%2F1v2bncpq!19sChIJYSrKrmXmaC4RBniJYc_3zjc?authuser=0&hl=id&rclk=1
Warung Cepot - Pasteur,Rumah Makan,4.5,Rp 50,-6.8925834,107.5832217,https://www.google.com/maps/place/Warung+Cepot+-+Pasteur/data=!4m7!3m6!1s0x2e68e6693c635273:0x87252939e4ee53d5!8m2!3d-6.8925834!4d107.5832217!16s%2Fg%2F1w604d32!19sChIJc1JjPGnmaC4R1VPu5DkpJYc?authuser=0&hl=id&rclk=1
Pincuk Daun Resto,Rumah Makan,4.7,Rp 25,-6.8896252,107.5671367,https://www.google.com/maps/place/Pincuk+Daun+Resto/data=!4m7!3m6!1s0x2e68e594e08f68b7:0x50e8eefe539dbc08!8m2!3d-6.8896252!4d107.5671367!16s%2Fg%2F11vc062qq7!19sChIJt2iP4JTlaC4RCLydU_7u6FA?authuser=0&hl=id&rclk=1
Warung Nasi Ampera Pasteur,Rumah Makan,4.5,Rp 25,-6.895141,107.5879836,https://www.google.com/maps/place/Warung+Nasi+Ampera+Pasteur/data=!4m7!3m6!1s0x2e68e664e5aa869f:0xa4d23fb344fd6ede!8m2!3d-6.895141!4d107.5879836!16s%2Fg%2F11cmfdhdy8!19sChIJn4aq5WTmaC4R3m79RLM_0qQ?authuser=0&hl=id&rclk=1
Pondok Selera Sunda,Rumah Makan,4.6,Rp 50,-6.876848,107.59629,https://www.google.com/maps/place/Pondok+Selera+Sunda/data=!4m7!3m6!1s0x2e68e7177f9aeed9:0x71933dd6bde9b94!8m2!3d-6.876848!4d107.59629!16s%2Fg%2F11spnvh5f0!19sChIJ2e6afxfnaC4RlJvea90zGQc?authuser=0&hl=id&rclk=1
Rumah Makan Sunda Bambu Raos,Rumah Makan,3.8,Rp 50,-6.8930013,107.5862809,https://www.google.com/maps/place/Rumah+Makan+Sunda+Bambu+Raos/data=!4m7!3m6!1s0x2e68e664aa7f2b39:0xac62d2c88e51987f!8m2!3d-6.8930013!4d107.5862809!16s%2Fg%2F1tg7j757!19sChIJOSt_qmTmaC4Rf5hRjsjSYqw?authuser=0&hl=id&rclk=1
Warung Sunda Bumi Sadayana Sukajadi,Rumah Makan,4.8,Rp 25,-6.8871915,107.5965488,https://www.google.com/maps/place/Warung+Sunda+Bumi+Sadayana+Sukajadi/data=!4m7!3m6!1s0x2e68e70cf074db87:0xe16cb23e7f01372e!8m2!3d-6.8871915!4d107.5965488!16s%2Fg%2F11lp5_1qyz!19sChIJh9t08AznaC4RLjcBfz6ybOE?authuser=0&hl=id&rclk=1
Imah kadua Restoran sunda,Rumah Makan,4.3,Rp 35.000 - Rp 100.000,-6.887972,107.600408,https://www.google.com/maps/place/Imah+kadua+Restoran+sunda/data=!4m7!3m6!1s0x2e68e7a21cef704b:0xf6dec7adf25498ab!8m2!3d-6.887972!4d107.600408!16s%2Fg%2F11t7_3s0gt!19sChIJS3DvHKLnaC4Rq5hU8q3H3vY?authuser=0&hl=id&rclk=1
Zona Merah (Zomer) Sukajadi,Rumah Makan,4.3,Rp 25,-6.893525,107.5969941,https://www.google.com/maps/place/Zona+Merah+%28Zomer%29+Sukajadi/data=!4m7!3m6!1s0x2e68e68b3ccdb0cf:0xefdda62ebb1746af!8m2!3d-6.893525!4d107.5969941!16s%2Fg%2F11cn78n6zy!19sChIJz7DNPIvmaC4Rr0YXuy6m3e8?authuser=0&hl=id&rclk=1
"Bumi Aki Heritage Bandung - Sajian Sunda Modern, Satu Meja Tiga Generasi",Rumah Makan,4.8,Rp 35.000 - Rp 100.000,-6.9061028,107.6151231,"https://www.google.com/maps/place/Bumi+Aki+Heritage+Bandung+-+Sajian+Sunda+Modern,+Satu+Meja+Tiga+Generasi/data=!4m7!3m6!1s0x2e68e726db17f0fd:0x85a2b1329242a19d!8m2!3d-6.9061028!4d107.6151231!16s%2Fg%2F11s99hl13w!19sChIJ_fAX2ybnaC4RnaFCkjKxooU?authuser=0&hl=id&rclk=1"
Warung Sunda Kang @wan,Rumah Makan,4.3,Rp 35.000 - Rp 100.000,-6.8966793,107.5905503,https://www.google.com/maps/place/Warung+Sunda+Kang+@wan/data=!4m7!3m6!1s0x2e68e665dd13a62d:0x3f5fe3ff0a40b005!8m2!3d-6.8966793!4d107.5905503!16s%2Fg%2F11c5zt5t7w!19sChIJLaYT3WXmaC4RBbBACv_jXz8?authuser=0&hl=id&rclk=1
Senusa Resto,Rumah Makan,4.5,Rp 50,-6.8807403,107.5971603,https://www.google.com/maps/place/Senusa+Resto/data=!4m7!3m6!1s0x2e68e7f2ad3769b1:0x6b3c9017dc9dd792!8m2!3d-6.8807403!4d107.5971603!16s%2Fg%2F11f66q9vw4!19sChIJsWk3rfLnaC4Rkted3BeQPGs?authuser=0&hl=id&rclk=1
Restaurant Sindang Reret Bandung,Rumah Makan,4.4,Rp 50,-6.898976,107.6198211,https://www.google.com/maps/place/Restaurant+Sindang+Reret+Bandung/data=!4m7!3m6!1s0x2e68fcb72bc0c2af:0x3715cfdb1240814!8m2!3d-6.898976!4d107.6198211!16s%2Fg%2F1thjqx85!19sChIJr8LAK7f8aC4RFAgksf1ccQM?authuser=0&hl=id&rclk=1
Hidden Gem Lengkong Alit,Rumah Makan,4.7,Rp 25,-6.923757,107.6154515,https://www.google.com/maps/place/Hidden+Gem+Lengkong+Alit/data=!4m7!3m6!1s0x2e68e7430ed536b1:0xa10b55148ea9bb76!8m2!3d-6.923757!4d107.6154515!16s%2Fg%2F11tx4rjlrw!19sChIJsTbVDkPnaC4RdrupjhRVC6E?authuser=0&hl=id&rclk=1
Lengkong Night Street Food,Rumah Makan,4.7,Rp 35.000 - Rp 100.000,-6.9237642,107.6172336,https://www.google.com/maps/place/Lengkong+Night+Street+Food/data=!4m7!3m6!1s0x2e68e770ffa66f15:0x70f8e99dbdcda266!8m2!3d-6.9237642!4d107.6172336!16s%2Fg%2F11rvh714t8!19sChIJFW-m_3DnaC4RZqLNvZ3p-HA?authuser=0&hl=id&rclk=1
Sambal Bakar Lengkong,Rumah Makan,4.6,Rp 25,-6.9235707,107.6154242,https://www.google.com/maps/place/Sambal+Bakar+Lengkong/data=!4m7!3m6!1s0x2e68e7461a6cf9cd:0x2fdd3ce3a837492c!8m2!3d-6.9235707!4d107.6154242!16s%2Fg%2F11t2hx3_sg!19sChIJzflsGkbnaC4RLEk3qOM83S8?authuser=0&hl=id&rclk=1
Lengkong Culinary,Rumah Makan,4.5,Rp 25,-6.9233805,107.6136898,https://www.google.com/maps/place/Lengkong+Culinary/data=!4m7!3m6!1s0x2e68e6293123e143:0x695e40abd872f611!8m2!3d-6.9233805!4d107.6136898!16s%2Fg%2F11t_sfkm8r!19sChIJQ-EjMSnmaC4REfZy2KtAXmk?authuser=0&hl=id&rclk=1
KEDAI HEMAT,Rumah Makan,4.6,Rp 1,-6.9229241,107.6122219,https://www.google.com/maps/place/KEDAI+HEMAT/data=!4m7!3m6!1s0x2e68e62f2cbbb4a1:0xe35859b38a1d9c12!8m2!3d-6.9229241!4d107.6122219!16s%2Fg%2F11b5wkj7_3!19sChIJobS7LC_maC4REpwdirNZWOM?authuser=0&hl=id&rclk=1
jalaseafood by Golden Monkey - Lengkong Kecil,Rumah Makan,4.9,Rp 35.000 - Rp 100.000,-6.9230687,107.6129201,https://www.google.com/maps/place/jalaseafood+by+Golden+Monkey+-+Lengkong+Kecil/data=!4m7!3m6!1s0x2e68e769b7f8f9a7:0x7a76567949faeb5d!8m2!3d-6.9230687!4d107.6129201!16s%2Fg%2F11v6dcs9y6!19sChIJp_n4t2nnaC4RXev6SXlWdno?authuser=0&hl=id&rclk=1
Kedai Boboko,Rumah Makan,4.9,Rp 25,-6.9250991,107.6118789,https://www.google.com/maps/place/Kedai+Boboko/data=!4m7!3m6!1s0x2e68e755025c1355:0x41ddaac0fcc1dcff!8m2!3d-6.9250991!4d107.6118789!16s%2Fg%2F11v5bj57yg!19sChIJVRNcAlXnaC4R_9zB_MCq3UE?authuser=0&hl=id&rclk=1
Kongkowrongok Lengkong,Rumah Makan,3.7,Rp 25,-6.9238072,107.6167209,https://www.google.com/maps/place/Kongkowrongok+Lengkong/data=!4m7!3m6!1s0x2e68e794fa4a8bb1:0x231b09afd769f8a1!8m2!3d-6.9238072!4d107.6167209!16s%2Fg%2F11rtn6mdrp!19sChIJsYtK-pTnaC4Rofhp168JGyM?authuser=0&hl=id&rclk=1
Warung Steak Simantan “lengkong kecil”,Rumah Makan,4.6,Rp 75,-6.9234131,107.6155931,https://www.google.com/maps/place/Warung+Steak+Simantan+%E2%80%9Clengkong+kecil%E2%80%9D/data=!4m7!3m6!1s0x2e68e77a0705c2a7:0x1edc3ac7a8392ae6!8m2!3d-6.9234131!4d107.6155931!16s%2Fg%2F11htyb175b!19sChIJp8IFB3rnaC4R5io5qMc63B4?authuser=0&hl=id&rclk=1
Steak Republik / Osenggol Osengan,Rumah Makan,4.5,Rp 50,-6.9230683,107.6134632,https://www.google.com/maps/place/Steak+Republik+%2F+Osenggol+Osengan/data=!4m7!3m6!1s0x2e68e7a4a1acaa67:0xbb2e19bf4ff7afc4!8m2!3d-6.9230683!4d107.6134632!16s%2Fg%2F11tc3qh22g!19sChIJZ6qsoaTnaC4RxK_3T78ZLrs?authuser=0&hl=id&rclk=1
Mie Sapi Merona Lengkong,Rumah Makan,4.9,Rp 35.000 - Rp 100.000,-6.9236627,107.6153957,https://www.google.com/maps/place/Mie+Sapi+Merona+Lengkong/data=!4m7!3m6!1s0x2e68e7000dec310b:0xb197d358bb22d7e0!8m2!3d-6.9236627!4d107.6153957!16s%2Fg%2F11msfx573s!19sChIJCzHsDQDnaC4R4Nciu1jTl7E?authuser=0&hl=id&rclk=1
Paling Suka Bebek,Rumah Makan,4.6,Rp 25,-6.923874,107.6171123,https://www.google.com/maps/place/Paling+Suka+Bebek/data=!4m7!3m6!1s0x2e68e7301065c52b:0xbb6ab3a081c281d4!8m2!3d-6.923874!4d107.6171123!16s%2Fg%2F11wj44t1mh!19sChIJK8VlEDDnaC4R1IHCgaCzars?authuser=0&hl=id&rclk=1
District BBQ and Hotpot,Rumah Makan,4.9,Rp 25,-6.9233102,107.6147668,https://www.google.com/maps/place/District+BBQ+and+Hotpot/data=!4m7!3m6!1s0x2e68e7af2521bf9b:0xf39ddc97268960e7!8m2!3d-6.9233102!4d107.6147668!16s%2Fg%2F11rbfr4qw9!19sChIJm78hJa_naC4R52CJJpfcnfM?authuser=0&hl=id&rclk=1
Shinimari Japanese Streetfood,Rumah Makan,4.9,Rp 25,-6.9230148,107.6127826,https://www.google.com/maps/place/Shinimari+Japanese+Streetfood/data=!4m7!3m6!1s0x2e68e75bceb53cf3:0x1ef4fa17672dc672!8m2!3d-6.9230148!4d107.6127826!16s%2Fg%2F11tww0vq2_!19sChIJ8zy1zlvnaC4RcsYtZxf69B4?authuser=0&hl=id&rclk=1
Ikan Bakar Sambal Pesisir,Rumah Makan,4.5,Rp 35.000 - Rp 100.000,-6.9235213,107.6146109,https://www.google.com/maps/place/Ikan+Bakar+Sambal+Pesisir/data=!4m7!3m6!1s0x2e68e7afd8589991:0xcd8b1b74dc815491!8m2!3d-6.9235213!4d107.6146109!16s%2Fg%2F11b6gq9k0v!19sChIJkZlY2K_naC4RkVSB3HQbi80?authuser=0&hl=id&rclk=1
"Sejiwa Coffee, Kiputih",Cafe,4.5,Rp 25,-6.8657474,107.606666,"https://www.google.com/maps/place/Sejiwa+Coffee,+Kiputih/data=!4m7!3m6!1s0x2e68e7c6ba021055:0x9dc20a4045ad0620!8m2!3d-6.8657474!4d107.606666!16s%2Fg%2F11jb6zb04n!19sChIJVRACusbnaC4RIAatRUAKwp0?authuser=0&hl=id&rclk=1"
Edelweiss Tea & Coffee House,Cafe,4.7,Rp 50,-6.867934,107.6032591,https://www.google.com/maps/place/Edelweiss+Tea+%26+Coffee+House/data=!4m7!3m6!1s0x2e68e74fd289007f:0x653b47b4e6dd17c7!8m2!3d-6.867934!4d107.6032591!16s%2Fg%2F11mqwfhtkp!19sChIJfwCJ0k_naC4Rxxfd5rRHO2U?authuser=0&hl=id&rclk=1
Masagi Koffee,Cafe,4.6,Rp 25,-6.8687734,107.6065293,https://www.google.com/maps/place/Masagi+Koffee/data=!4m7!3m6!1s0x2e68e7915ae992f9:0xace849c0e27cd36d!8m2!3d-6.8687734!4d107.6065293!16s%2Fg%2F11ght9vd5_!19sChIJ-ZLpWpHnaC4RbdN84sBJ6Kw?authuser=0&hl=id&rclk=1
foresta coffee,Cafe,4.5,Rp 35.000 - Rp 100.000,-6.8678216,107.6100878,https://www.google.com/maps/place/foresta+coffee/data=!4m7!3m6!1s0x2e68e6e85c55a76b:0xbc174d2189cce6db!8m2!3d-6.8678216!4d107.6100878!16s%2Fg%2F11ggnbqmb7!19sChIJa6dVXOjmaC4R2-bMiSFNF7w?authuser=0&hl=id&rclk=1
Bagi Kopi Ciumbuleuit,Cafe,4.7,Rp 25,-6.8735158,107.6050572,https://www.google.com/maps/place/Bagi+Kopi+Ciumbuleuit/data=!4m7!3m6!1s0x2e68e7017bf2c451:0x2dceaeb6c12e8ad6!8m2!3d-6.8735158!4d107.6050572!16s%2Fg%2F11vf99c95n!19sChIJUcTyewHnaC4R1oouwbauzi0?authuser=0&hl=id&rclk=1
Kurokoffee,Cafe,4.6,Rp 25,-6.8710819,107.6057395,https://www.google.com/maps/place/Kurokoffee/data=!4m7!3m6!1s0x2e68e6e9309fc105:0x9fe2fc7cbd0172dc!8m2!3d-6.8710819!4d107.6057395!16s%2Fg%2F11gg66z6rn!19sChIJBcGfMOnmaC4R3HIBvXz84p8?authuser=0&hl=id&rclk=1
PIPINOS Bakery & Restaurant,Cafe,4.8,Rp 50,-6.8804568,107.6035218,https://www.google.com/maps/place/PIPINOS+Bakery+%26+Restaurant/data=!4m7!3m6!1s0x2e68e744995c28d3:0xfb9703c1de15b9cc!8m2!3d-6.8804568!4d107.6035218!16s%2Fg%2F11sdc6gb4j!19sChIJ0yhcmUTnaC4RzLkV3sEDl_s?authuser=0&hl=id&rclk=1
Ekara Coffee & Eatery,Cafe,4.7,Rp 25,-6.8770583,107.6069692,https://www.google.com/maps/place/Ekara+Coffee+%26+Eatery/data=!4m7!3m6!1s0x2e68e779b1a8aa7f:0xecd936be1f5f72f5!8m2!3d-6.8770583!4d107.6069692!16s%2Fg%2F11mn7wzzfv!19sChIJf6qosXnnaC4R9XJfH7422ew?authuser=0&hl=id&rclk=1
Grace Coffee & Space,Cafe,4.7,Rp 25,-6.8726691,107.6053713,https://www.google.com/maps/place/Grace+Coffee+%26+Space/data=!4m7!3m6!1s0x2e68e7cba3b49167:0xd83f9a51f75b8a9b!8m2!3d-6.8726691!4d107.6053713!16s%2Fg%2F11sb3m4pzv!19sChIJZ5G0o8vnaC4Rm4pb91GaP9g?authuser=0&hl=id&rclk=1
"Kawan Kopi, Ciumbuleuit",Cafe,4.6,Rp 25,-6.8711418,107.6052414,"https://www.google.com/maps/place/Kawan+Kopi,+Ciumbuleuit/data=!4m7!3m6!1s0x2e68e73428259db3:0x168e6b650f761523!8m2!3d-6.8711418!4d107.6052414!16s%2Fg%2F11vs5fw41s!19sChIJs50lKDTnaC4RIxV2D2VrjhY?authuser=0&hl=id&rclk=1"
